objectid,mechanics
8203,"['Grid Movement', 'Hexagon Grid', 'Map Reduction', 'Modular Board', 'Variable Set-up']"
146228,"['Hexagon Grid', 'Open Drafting', 'Variable Phase Order']"
340790,"['Events', 'Open Drafting', 'Worker Placement']"
421710,"['Action / Event', 'Hand Management', 'Hidden Roles', 'Multi-Use Cards']"
367280,"['Contracts', 'Modular Board', 'Solo / Solitaire Game', 'Worker Placement']"
85036,"['Auction / Bidding', 'Memory', 'Point to Point Movement', 'Tile Placement']"
371947,"['Area Majority / Influence', 'End Game Bonuses', 'Hand Management', 'Movement Points', 'Point to Point Movement']"
327793,"['Action / Event', 'Events', 'Push Your Luck', 'Solo / Solitaire Game']"
173346,"['End Game Bonuses', 'Income', 'Melding and Splaying', 'Modular Board', 'Multi-Use Cards', 'Once-Per-Game Abilities', 'Open Drafting', 'Score-and-Reset Game', 'Set Collection', 'Sudden Death Ending', 'Tags', 'Tech Trees / Tech Tracks', 'Track Movement', 'Tug of War', 'Variable Set-up']"
309116,['Take That']
202976,"['Open Drafting', 'Set Collection']"
310215,"['Closed Drafting', 'Open Drafting', 'Set Collection', 'Solo / Solitaire Game']"
337324,"['Action Points', 'Area Movement', 'Dice Rolling', 'Events', 'Hand Management', 'Pick-up and Deliver', 'Solo / Solitaire Game', 'Team-Based Game', 'Variable Player Powers']"
302260,"['Deck, Bag, and Pool Building', 'Open Drafting', 'Race']"
239472,"['Dice Rolling', 'Events', 'Narrative Choice / Paragraph', 'Set Collection', 'Storytelling', 'Variable Player Powers', 'Worker Placement', 'Worker Placement, Different Worker Types']"
5,"['Connections', 'End Game Bonuses', 'Hand Management', 'Hidden Victory Points', 'Income', 'Investment', 'Market', 'Pattern Building', 'Square Grid', 'Stock Holding', 'Tile Placement', 'Victory Points as a Resource']"
326494,"['Cooperative Game', 'Scenario / Mission / Campaign Game', 'Storytelling']"
232361,"['Cooperative Game', 'Deck, Bag, and Pool Building', 'Hand Management', 'Solo / Solitaire Game']"
371562,"['Cooperative Game', 'Deck, Bag, and Pool Building', 'Hand Management', 'Scenario / Mission / Campaign Game', 'Solo / Solitaire Game']"
28086,"['Dice Rolling', 'Die Icon Resolution', 'Push Your Luck', 'Re-rolling and Locking', 'Set Collection', 'Take That']"
31260,"['Automatic Resource Growth', 'Closed Drafting', 'Enclosure', 'Increase Value of Unchosen Resources', 'Solo / Solitaire Game', 'Turn Order: Claim Action', 'Worker Placement']"
314088,"['Closed Drafting', 'Cooperative Game', 'Layering', 'Solo / Solitaire Game', 'Tile Placement']"
359402,"['Area Majority / Influence', 'Dice Rolling', 'Modular Board', 'Pick-up and Deliver', 'Tile Placement', 'Variable Player Powers', 'Worker Placement with Dice Workers']"
247367,"['Area Majority / Influence', 'Card Play Conflict Resolution', 'Hand Management']"
154458,"['Action Points', 'Contracts', 'End Game Bonuses', 'Hand Management', 'Hidden Victory Points', 'Income', 'Map Addition', 'Market', 'Modular Board', 'Movement Points', 'Network and Route Building', 'Open Drafting', 'Pick-up and Deliver', 'Point to Point Movement', 'Tags', 'Tile Placement', 'Variable Set-up', 'Worker Placement', 'Zone of Control']"
6249,"['Area Majority / Influence', 'Hand Management', 'Open Drafting', 'Set Collection', 'Tile Placement']"
295948,"['Grid Movement', 'Set Collection', 'Square Grid', 'Tile Placement']"
159508,"['Area Majority / Influence', 'Area Movement', 'End Game Bonuses', 'Income', 'Modular Board', 'Once-Per-Game Abilities', 'Open Drafting', 'Tech Trees / Tech Tracks', 'Tile Placement', 'Turn Order: Pass Order', 'Variable Set-up']"
236457,"['Area Movement', 'Contracts', 'End Game Bonuses', 'Events', 'Kill Steal', 'Loans', 'Open Drafting', 'Solo / Solitaire Game', 'Static Capture', 'Tags', 'Take That', 'Track Movement', 'Variable Player Powers', 'Variable Set-up', 'Worker Placement']"
359871,"['Area Majority / Influence', 'Area Movement', 'Campaign / Battle Card Driven', 'Dice Rolling', 'Die Icon Resolution', 'Hand Management', 'Negotiation', 'Resource to Move', 'Take That', 'Trick-taking', 'Turn Order: Claim Action', 'Variable Player Powers']"
419279,"['Action Points', 'Area Majority / Influence', 'Area Movement', 'Campaign / Battle Card Driven', 'Dice Rolling', 'Die Icon Resolution', 'Hand Management', 'Negotiation', 'Trick-taking', 'Turn Order: Claim Action', 'Variable Player Powers']"
342942,"['Contracts', 'End Game Bonuses', 'Events', 'Grid Coverage', 'Hand Management', 'Hexagon Grid', 'Income', 'Increase Value of Unchosen Resources', 'Open Drafting', 'Race', 'Set Collection', 'Solo / Solitaire Game', 'Tags', 'Tile Placement', 'Track Movement', 'Variable Player Powers', 'Variable Set-up']"
368966,"['End Game Bonuses', 'Hand Management', 'Hexagon Grid', 'Income', 'Open Drafting', 'Set Collection', 'Solo / Solitaire Game', 'Tile Placement', 'Variable Player Powers', 'Variable Set-up']"
368158,"['End Game Bonuses', 'Hand Management', 'Hexagon Grid', 'Income', 'Open Drafting', 'Set Collection', 'Solo / Solitaire Game', 'Tile Placement', 'Variable Player Powers', 'Variable Set-up']"
205637,"['Action Points', 'Area Movement', 'Communication Limits', 'Cooperative Game', 'Deck Construction', 'Events', 'Hand Management', 'Map Deformation', 'Modular Board', 'Player Elimination', 'Push Your Luck', 'Role Playing', 'Scenario / Mission / Campaign Game', 'Solo / Solitaire Game', 'Stat Check Resolution', 'Variable Player Powers']"
395375,"['Auction / Bidding', 'Auction: Sealed Bid', 'Constrained Bidding', 'End Game Bonuses', 'Grid Coverage', 'Open Drafting', 'Pattern Building', 'Selection Order Bid', 'Tile Placement']"
92643,['Hand Management']
352179,"['Chit-Pull System', 'Cooperative Game', 'Deck, Bag, and Pool Building', 'Delayed Purchase', 'Hand Management', 'Open Drafting', 'Solo / Solitaire Game', 'Variable Phase Order', 'Variable Player Powers', 'Variable Set-up']"
396649,"['Dice Rolling', 'Paper-and-Pencil']"
181254,"['Dice Rolling', 'Push Your Luck', 'Three Dimensional Movement']"
230802,"['Chaining', 'End Game Bonuses', 'Grid Coverage', 'Open Drafting', 'Pattern Building', 'Set Collection', 'Square Grid', 'Tile Placement', 'Turn Order: Claim Action']"
256226,"['End Game Bonuses', 'Modular Board', 'Open Drafting', 'Pattern Building', 'Set Collection', 'Tile Placement', 'Turn Order: Claim Action']"
287954,"['End Game Bonuses', 'Open Drafting', 'Pattern Building', 'Set Collection', 'Tile Placement', 'Turn Order: Claim Action']"
337833,"['Push Your Luck', 'Take That']"
5716,"['Contracts', 'Hand Management', 'Race', 'Set Collection', 'Take That']"
30933,"['Hand Management', 'Hidden Roles', 'Player Elimination', 'Take That', 'Team-Based Game', 'Variable Player Powers']"
275586,"['Area Majority / Influence', 'Cooperative Game', 'Solo / Solitaire Game']"
383607,"['End Game Bonuses', 'Tile Placement', 'Worker Placement']"
340548,"['Area Movement', 'Campaign / Battle Card Driven', 'Dice Rolling', 'Events', 'Simulation']"
324513,"['Card Play Conflict Resolution', 'Die Icon Resolution', 'Solo / Solitaire Game']"
760,"['Card Play Conflict Resolution', 'Hand Management', 'Melding and Splaying']"
135219,"['Area Majority / Influence', 'Area Movement', 'Dice Rolling', 'Hand Management']"
439547,"['Area Majority / Influence', 'Campaign / Battle Card Driven', 'Movement Points', 'Pick-up and Deliver', 'Set Collection']"
447766,"['Area Majority / Influence', 'Campaign / Battle Card Driven', 'Movement Points', 'Pick-up and Deliver', 'Set Collection']"
379959,"['Campaign / Battle Card Driven', 'Take That', 'Tug of War']"
37111,"['Area Movement', 'Cooperative Game', 'Dice Rolling', 'Hand Management', 'Hidden Roles', 'Once-Per-Game Abilities', 'Role Playing', 'Semi-Cooperative Game', 'Team-Based Game', 'Traitor Game', 'Variable Player Powers', 'Variable Set-up', 'Voting']"
421310,"['Area Majority / Influence', 'Map Addition', 'Ownership', 'Point to Point Movement', 'Tech Trees / Tech Tracks', 'Tile Placement', 'Worker Placement']"
70,"['Hand Management', 'Modular Board', 'Tile Placement']"
1125,"['Area Majority / Influence', 'Auction / Bidding', 'Dice Rolling', 'Loans']"
237251,"['Action Points', 'Area Majority / Influence', 'Grid Movement', 'Hand Management', 'Open Drafting', 'Push Your Luck', 'Simulation', 'Turn Order: Progressive']"
258752,"['Hand Management', 'Variable Phase Order', 'Variable Player Powers']"
323612,"['Area Majority / Influence', 'Deck, Bag, and Pool Building', 'End Game Bonuses', 'Hand Management', 'Income', 'Set Collection', 'Solo / Solitaire Game', 'Turn Order: Claim Action', 'Worker Placement with Dice Workers']"
383122,"['End Game Bonuses', 'Set Collection']"
231218,"['Action Queue', 'Deduction', 'Hidden Movement', 'Point to Point Movement', 'Push Your Luck', 'Solo / Solitaire Game']"
240980,"['Betting and Bluffing', 'Deduction', 'Hidden Roles', 'Negotiation', ""Prisoner's Dilemma"", 'Rock-Paper-Scissors', 'Roles with Asymmetric Information', 'Team-Based Game', 'Traitor Game', 'Variable Player Powers', 'Voting']"
122298,"['Hand Management', 'Open Drafting', 'Set Collection']"
304420,"['Contracts', 'Market', 'Pattern Building', 'Point to Point Movement', 'Set Collection', 'Solo / Solitaire Game', 'Tile Placement']"
300367,"['Closed Drafting', 'End Game Bonuses', 'Paper-and-Pencil', 'Set Collection', 'Simultaneous Action Selection', 'Tags']"
127060,"['Dice Rolling', 'Set Collection', 'Worker Placement', 'Worker Placement with Dice Workers']"
149712,"['Area Majority / Influence', 'Dice Rolling', 'Simultaneous Action Selection', 'Tile Placement', 'Worker Placement with Dice Workers']"
425467,"['Advantage Token', 'Area Majority / Influence', 'Area Movement', 'Catch the Leader', 'Different Dice Movement', 'Hand Management', 'Once-Per-Game Abilities', 'Score-and-Reset Game', 'Simulation', 'Team-Based Game']"
224517,"['Chaining', 'End Game Bonuses', 'Hand Management', 'Income', 'Loans', 'Market', 'Multi-Use Cards', 'Network and Route Building', 'Ownership', 'Tags', 'Tech Trees / Tech Tracks', 'Tile Placement', 'Turn Order: Stat-Based', 'Variable Set-up']"
172308,"['Area Movement', 'Follow', 'Hand Management', 'Pick-up and Deliver', 'Set Collection', 'Simultaneous Action Selection', 'Variable Phase Order']"
144592,"['Area Majority / Influence', 'Auction / Bidding', 'Modular Board', 'Open Drafting', 'Worker Placement']"
275913,"['Area Majority / Influence', 'Auction / Bidding', 'Modular Board', 'Worker Placement']"
184921,"['Area Majority / Influence', 'Closed Drafting', 'End Game Bonuses', 'Grid Coverage', 'Hand Management', 'Simultaneous Action Selection', 'Square Grid']"
368386,"['Contracts', 'Hand Management', 'Multi-Use Cards', 'Open Drafting', 'Solo / Solitaire Game', 'Variable Set-up']"
271321,"['Hand Management', 'Memory', 'Set Collection']"
275463,"['Action Queue', 'Dice Rolling', 'Grid Movement', 'Modular Board', 'Programmed Movement', 'Simultaneous Action Selection']"
275916,"['Grid Movement', 'Tile Placement']"
283155,"['Enclosure', 'End Game Bonuses', 'Grid Coverage', 'Hexagon Grid', 'Open Drafting', 'Pattern Building', 'Set Collection', 'Solo / Solitaire Game', 'Tile Placement']"
260605,"['Betting and Bluffing', 'Dice Rolling', 'Roll / Spin and Move', 'Track Movement', 'Variable Set-up']"
41,"['Dice Rolling', 'Push Your Luck', 'Race', 'Roll / Spin and Move', 'Track Movement']"
301544,"['Hand Management', 'Set Collection', 'Take That']"
822,"['Area Majority / Influence', 'Enclosure', 'Kill Steal', 'Map Addition', 'Pattern Building', 'Square Grid', 'Tile Placement']"
4390,"['Area Majority / Influence', 'Enclosure', 'Kill Steal', 'Map Addition', 'Pattern Building', 'Square Grid']"
7717,"['Area Majority / Influence', 'End Game Bonuses', 'Tile Placement']"
245934,"['Area Movement', 'Contracts', 'End Game Bonuses', 'Open Drafting', 'Tile Placement', 'Turn Order: Progressive', 'Variable Set-up']"
327077,"['Action / Event', 'Cooperative Game', 'Scenario / Mission / Campaign Game', 'Solo / Solitaire Game', 'Storytelling']"
263918,"['Bingo', 'Enclosure', 'End Game Bonuses', 'Grid Coverage', 'Paper-and-Pencil', 'Pattern Building', 'Simultaneous Action Selection', 'Solo / Solitaire Game', 'Square Grid', 'Take That', 'Variable Set-up']"
295947,"['End Game Bonuses', 'Hexagon Grid', 'Open Drafting', 'Pattern Building', 'Solo / Solitaire Game', 'Tile Placement', 'Variable Set-up']"
238638,"['Area Movement', 'Pattern Building', 'Set Collection']"
271320,"['Dice Rolling', 'End Game Bonuses', 'Grid Coverage', 'Hexagon Grid', 'Pattern Building', 'Set Collection', 'Solo / Solitaire Game', 'Team-Based Game', 'Tile Placement', 'Turn Order: Stat-Based', 'Variable Set-up']"
345972,"['Enclosure', 'Hand Management', 'Predictive Bid', 'Trick-taking']"
13,"['Chaining', 'Dice Rolling', 'Hand Management', 'Hexagon Grid', 'Hidden Victory Points', 'Income', 'Market', 'Modular Board', 'Network and Route Building', 'Race', 'Random Production', 'Take That', 'Trading', 'Variable Set-up']"
218129,"['Dice Rolling', 'Stacking and Balancing']"
7,"['Enclosure', 'Pattern Building', 'Square Grid', 'Tile Placement']"
383117,"['Action Points', 'Area Majority / Influence', 'Grid Movement', 'Modular Board', 'Pick-up and Deliver', 'Set Collection', 'Variable Player Powers', 'Variable Set-up']"
84889,"['Area Movement', 'Hand Management', 'Modular Board', 'Player Elimination']"
102794,"['Automatic Resource Growth', 'Increase Value of Unchosen Resources', 'Solo / Solitaire Game', 'Tile Placement', 'Turn Order: Claim Action', 'Worker Placement']"
18602,"['Action Queue', 'Ownership', 'Turn Order: Claim Action', 'Turn Order: Pass Order', 'Variable Set-up', 'Worker Placement']"
365037,"['Bias', 'Chaining', 'Hidden Victory Points', 'Map Deformation', 'Pick-up and Deliver']"
377779,['Trick-taking']
269257,"['Modular Board', 'Pattern Building', 'Square Grid', 'Tile Placement']"
171,"['Grid Movement', 'Once-Per-Game Abilities', 'Pattern Movement', 'Square Grid', 'Static Capture', 'Sudden Death Ending']"
447728,[]
156373,"['Auction / Bidding', 'Hand Management', 'Ladder Climbing', 'Team-Based Game']"
54307,"['Action Retrieval', 'Set Collection', 'Take That', 'Trick-taking']"
478,"['Action Drafting', 'Closed Drafting', 'Income', 'Lose a Turn', 'Set Collection', 'Take That', 'Turn Order: Role Order', 'Variable Player Powers']"
402676,"['Closed Drafting', 'Contracts', 'Open Drafting', 'Pattern Building', 'Set Collection', 'Tile Placement', 'Turn Order: Claim Action', 'Variable Set-up', 'Worker Placement']"
233247,"['Area Majority / Influence', 'Hexagon Grid', 'Increase Value of Unchosen Resources', 'Modular Board', 'Race', 'Variable Player Powers']"
314014,"['Area Majority / Influence', 'Modular Board', 'Variable Player Powers']"
233961,"['Area Majority / Influence', 'Auction / Bidding', 'Auction: Once Around', 'Trick-taking']"
249763,"['Take That', 'Trick-taking']"
292096,['Trick-taking']
267315,['Trick-taking']
325438,['Trick-taking']
325436,['Trick-taking']
334307,"['Card Play Conflict Resolution', 'Hand Management', 'Open Drafting', 'Solo / Solitaire Game']"
338326,"['Area Movement', 'Map Addition', 'Modular Board', 'Multiple Maps', 'Player Elimination', 'Point to Point Movement', 'Tech Trees / Tech Tracks']"
274841,"['Contracts', 'Hand Management', 'Once-Per-Game Abilities', 'Open Drafting', 'Pattern Building', 'Set Collection']"
145639,"['Push Your Luck', 'Take That']"
178900,"['Communication Limits', 'Deduction', 'Memory', 'Race', 'Team-Based Game']"
450782,"['Communication Limits', 'Deduction', 'Team-Based Game']"
198773,"['Communication Limits', 'Memory', 'Team-Based Game']"
245638,"['Action Drafting', 'Auction / Bidding', 'Dice Rolling', 'End Game Bonuses', 'Income', 'Open Drafting', 'Point to Point Movement', 'Set Collection', 'Tech Trees / Tech Tracks', 'Turn Order: Stat-Based', 'Variable Set-up', 'Worker Placement with Dice Workers']"
5782,"['Open Drafting', 'Push Your Luck', 'Set Collection', 'Turn Order: Pass Order']"
158899,"['Action Queue', 'Hand Management', 'Memory', 'Programmed Movement', 'Take That', 'Turn Order: Progressive', 'Variable Player Powers']"
361025,"['Contracts', 'Open Drafting', 'Variable Player Powers', 'Variable Set-up', 'Worker Placement']"
465819,"['Action Retrieval', 'Advantage Token', 'Deck, Bag, and Pool Building', 'End Game Bonuses', 'Investment', 'Movement Points', 'Network and Route Building', 'Open Drafting', 'Point to Point Movement', 'Set Collection', 'Variable Set-up']"
165694,[]
402024,"['Deck, Bag, and Pool Building', 'Solo / Solitaire Game']"
343899,"['End Game Bonuses', 'Grid Coverage', 'Grid Movement', 'Map Addition', 'Solo / Solitaire Game', 'Stacking and Balancing', 'Three Dimensional Movement']"
463374,['Solo / Solitaire Game']
39463,"['Alliances', 'Card Play Conflict Resolution', 'Hand Management', 'Interrupts', 'Negotiation', ""Prisoner's Dilemma"", 'Race', 'Simultaneous Action Selection', 'Take That', 'Trading', 'Variable Player Powers']"
61001,"['Hand Management', 'Team-Based Game', 'Variable Player Powers']"
368954,"['Action Queue', 'Area Majority / Influence', 'Turn Order: Stat-Based']"
262818,"['Action / Event', 'Area Majority / Influence', 'Campaign / Battle Card Driven', 'Dice Rolling', 'Simulation']"
324856,"['Communication Limits', 'Cooperative Game', 'Deduction', 'Hand Management', 'Scenario / Mission / Campaign Game', 'Trick-taking']"
284083,"['Communication Limits', 'Cooperative Game', 'Hand Management', 'Scenario / Mission / Campaign Game', 'Trick-taking']"
188415,['Tile Placement']
300753,"['Cooperative Game', 'Elapsed Real Time Ending', 'Real-Time']"
330608,"['Area Majority / Influence', 'End Game Bonuses', 'Hand Management', 'Worker Placement']"
404509,"['Area Majority / Influence', 'Deck, Bag, and Pool Building', 'Delayed Purchase', 'Hand Management', 'Hidden Roles', 'Open Drafting', 'Point to Point Movement', 'Solo / Solitaire Game', 'Variable Set-up']"
245476,"['Hand Management', 'Set Collection']"
437581,"['Catch the Leader', 'Hand Management', 'Hot Potato', 'Push Your Luck', 'Set Collection', 'Take That']"
312251,"['Action Points', 'Network and Route Building', 'Pick-up and Deliver', 'Tile Placement']"
223049,"['Hand Management', 'Ladder Climbing', 'Layering', 'Lose a Turn', 'Matching', 'Predictive Bid']"
286158,"['Area Majority / Influence', 'Area Movement', 'End Game Bonuses', 'Three Dimensional Movement', 'Turn Order: Stat-Based', 'Variable Player Powers', 'Variable Set-up']"
176165,"['Auction: Dutch', 'Deck, Bag, and Pool Building', 'Dice Rolling', 'Hand Management', 'Open Drafting', 'Race', 'Set Collection', 'Take That', 'Team-Based Game']"
191597,"['Deck, Bag, and Pool Building', 'Dice Rolling', 'Hand Management', 'Open Drafting', 'Set Collection', 'Take That', 'Team-Based Game']"
299452,"['Deck, Bag, and Pool Building', 'Dice Rolling', 'Hand Management', 'Open Drafting', 'Set Collection', 'Take That', 'Team-Based Game']"
251551,"['Deck, Bag, and Pool Building', 'Dice Rolling', 'Hand Management', 'Open Drafting', 'Set Collection', 'Take That', 'Team-Based Game', 'Variable Player Powers']"
322289,"['Contracts', 'Ownership', 'Pick-up and Deliver', 'Point to Point Movement', 'Set Collection', 'Solo / Solitaire Game', 'Turn Order: Claim Action', 'Variable Set-up', 'Worker Placement', 'Worker Placement, Different Worker Types']"
225694,"['Communication Limits', 'Paper-and-Pencil', 'Targeted Clues', 'Team-Based Game']"
405118,"['Deduction', 'Hand Management']"
416054,"['Targeted Clues', 'Team-Based Game']"
162082,"['Action Queue', 'Area Majority / Influence', 'End Game Bonuses', 'Grid Movement', 'Hand Management', 'Hexagon Grid', 'Modular Board', 'Multi-Use Cards', 'Network and Route Building', 'Victory Points as a Resource']"
201609,"['Area Majority / Influence', 'Hand Management', 'Modular Board', 'Variable Player Powers']"
366067,"['Cooperative Game', 'Voting']"
39856,"['Race', 'Singing', 'Storytelling', 'Targeted Clues', 'Voting']"
344839,"['Multi-Use Cards', 'Open Drafting', 'Set Collection', 'Square Grid', 'Variable Player Powers']"
62219,"['Action Drafting', 'Action Queue', 'Area Majority / Influence', 'End Game Bonuses', 'Grid Movement', 'Hexagon Grid', 'Map Addition', 'Take That', 'Tile Placement', 'Turn Order: Claim Action', 'Variable Player Powers', 'Worker Placement']"
36218,"['Deck, Bag, and Pool Building', 'Delayed Purchase', 'Hand Management', 'Open Drafting', 'Take That', 'Variable Set-up']"
262547,"['Acting', 'Hidden Roles']"
341358,"['Enclosure', 'Square Grid', 'Tile Placement']"
264055,"['Closed Drafting', 'Dice Rolling', 'Die Icon Resolution', 'Set Collection', 'Simultaneous Action Selection']"
232219,"['End Game Bonuses', 'Layering', 'Open Drafting', 'Pattern Building', 'Pattern Recognition', 'Tile Placement', 'Variable Player Powers', 'Variable Set-up']"
241987,"['Area Majority / Influence', 'Campaign / Battle Card Driven', 'Command Cards', 'Hand Management', 'Solo / Solitaire Game', 'Tug of War']"
283355,"['Alliances', 'Area Majority / Influence', 'Area Movement', 'Auction / Bidding', 'Bribery', 'Card Play Conflict Resolution', 'Force Commitment', 'Map Deformation', 'Negotiation', 'Predictive Bid', 'Roles with Asymmetric Information', 'Take That', 'Variable Player Powers']"
316554,"['Card Play Conflict Resolution', 'Deck, Bag, and Pool Building', 'Delayed Purchase', 'Force Commitment', 'Increase Value of Unchosen Resources', 'Multi-Use Cards', 'Open Drafting', 'Ownership', 'Race', 'Solo / Solitaire Game', 'Tags', 'Take That', 'Turn Order: Progressive', 'Variable Player Powers', 'Worker Placement']"
97207,"['Auction / Bidding', 'Hand Management', 'Selection Order Bid', 'Simultaneous Action Selection', 'Worker Placement']"
143061,"['Hand Management', 'Worker Placement']"
257164,"['Hand Management', 'Simultaneous Action Selection', 'Take That', 'Variable Player Powers']"
113636,"['Action Queue', 'Hand Management', 'Point to Point Movement', 'Simultaneous Action Selection']"
100423,"['Cooperative Game', 'Dice Rolling', 'Die Icon Resolution', 'Modular Board', 'Re-rolling and Locking', 'Solo / Solitaire Game', 'Variable Player Powers']"
10,"['Hand Management', 'Network and Route Building', 'Open Drafting', 'Point to Point Movement', 'Programmed Movement', 'Turn Order: Progressive']"
391163,"['End Game Bonuses', 'Hand Management', 'Layering', 'Melding and Splaying', 'Multi-Use Cards', 'Open Drafting', 'Set Collection', 'Tags']"
320559,"['Hand Management', 'Open Drafting', 'Take That']"
187587,"['Open Drafting', 'Set Collection']"
175621,"['Closed Drafting', 'Deck Construction', 'Hand Management', 'Player Elimination', 'Take That']"
329450,"['Betting and Bluffing', 'Card Play Conflict Resolution', 'Hand Management']"
206718,"['Area Majority / Influence', 'Hand Management', 'Open Drafting', 'Push Your Luck', 'Set Collection']"
199792,"['Contracts', 'End Game Bonuses', 'Hand Management', 'Income', 'Open Drafting', 'Ownership', 'Set Collection', 'Solo / Solitaire Game', 'Tags', 'Variable Set-up', 'Worker Placement']"
332390,[]
341573,"['Cooperative Game', 'Deduction']"
226520,['Cooperative Game']
339544,[]
172242,"['Hand Management', 'Player Elimination', 'Push Your Luck', 'Set Collection', 'Take That']"
151446,"['Betting and Bluffing', 'Card Play Conflict Resolution', 'Hand Management', 'Set Collection', 'Take That']"
190220,"['Hand Management', 'Open Drafting', 'Set Collection', 'Take That']"
367517,"['Area Majority / Influence', 'Area Movement', 'Order Counters', 'Team-Based Game', 'Variable Player Powers', 'Variable Set-up', 'Worker Placement']"
385761,"['Constrained Bidding', 'End Game Bonuses', 'Hand Management', 'Open Drafting', 'Selection Order Bid', 'Set Collection', 'Simultaneous Action Selection', 'Tags']"
159675,"['Automatic Resource Growth', 'Highest-Lowest Scoring', 'Income', 'Set Collection', 'Solo / Solitaire Game', 'Turn Order: Claim Action', 'Turn Order: Progressive', 'Worker Placement']"
192834,"['Hand Management', 'Take That', 'Tug of War']"
436126,"['End Game Bonuses', 'Hand Management', 'Once-Per-Game Abilities', 'Solo / Solitaire Game', 'Tags']"
138161,"['Area Movement', 'Dice Rolling', 'Open Drafting', 'Pick-up and Deliver', 'Solo / Solitaire Game', 'Take That', 'Trading', 'Variable Player Powers']"
151953,['Pick-up and Deliver']
157354,"['Auction / Bidding', 'Constrained Bidding', 'End Game Bonuses', 'Hidden Victory Points', 'Mancala', 'Modular Board', 'Set Collection', 'Square Grid', 'Take That', 'Turn Order: Auction', 'Variable Player Powers', 'Variable Set-up', 'Victory Points as a Resource']"
100901,"['Action Points', 'Cooperative Game', 'Dice Rolling', 'Grid Movement', 'Pick-up and Deliver', 'Simulation', 'Solo / Solitaire Game', 'Square Grid', 'Variable Player Powers']"
169124,"['Flicking', 'Pick-up and Deliver', 'Team-Based Game']"
281194,"['Area Majority / Influence', 'Flicking', 'Variable Player Powers', 'Voting']"
320268,[]
309110,"['Grid Movement', 'Network and Route Building', 'Solo / Solitaire Game', 'Square Grid', 'Variable Set-up']"
175914,"['Delayed Purchase', 'Income', 'Market', 'Modular Board', 'Open Drafting', 'Simultaneous Action Selection', 'Tech Trees / Tech Tracks', 'Victory Points as a Resource']"
334590,"['Hand Management', 'Predictive Bid', 'Scenario / Mission / Campaign Game', 'Solo / Solitaire Game', 'Trick-taking']"
172,"['Auction / Bidding', 'Auction: Sealed Bid', 'Auction: Turn Order Until Pass', 'Hand Management', 'Selection Order Bid']"
373577,"['Melding and Splaying', 'Pattern Building', 'Solo / Solitaire Game', 'Tile Placement']"
246316,"['Area Majority / Influence', 'Tile Placement']"
438402,"['End Game Bonuses', 'Hand Management', 'Layering', 'Multi-Use Cards', 'Open Drafting', 'Set Collection', 'Tags']"
385999,"['End Game Bonuses', 'Open Drafting', 'Pattern Building', 'Set Collection', 'Solo / Solitaire Game', 'Tile Placement', 'Variable Set-up']"
244049,"['Square Grid', 'Tile Placement', 'Variable Player Powers']"
164698,"['Auction / Bidding', 'Tile Placement']"
177354,"['Action Points', 'Dice Rolling', 'Line of Sight', 'Measurement Movement', 'Role Playing', 'Variable Player Powers']"
387305,"['Commodity Speculation', 'Market', 'Open Drafting', 'Set Collection', 'Victory Points as a Resource']"
220308,"['End Game Bonuses', 'Hexagon Grid', 'Income', 'Modular Board', 'Network and Route Building', 'Solo / Solitaire Game', 'Tags', 'Tech Trees / Tech Tracks', 'Turn Order: Pass Order', 'Variable Player Powers', 'Variable Set-up', 'Victory Points as a Resource']"
391137,"['Action Points', 'Connections', 'End Game Bonuses', 'Hand Management', 'Income', 'Market', 'Modular Board', 'Multi-Use Cards', 'Open Drafting', 'Set Collection', 'Solo / Solitaire Game', 'Track Movement', 'Variable Set-up', 'Victory Points as a Resource', 'Worker Placement', 'Worker Placement, Different Worker Types']"
419641,"['Dice Rolling', 'Multi-Use Cards', 'Variable Set-up']"
411567,"['Communication Limits', 'Cooperative Game', 'Predictive Bid']"
381435,"['Area Movement', 'Worker Placement']"
372891,"['Area Majority / Influence', 'Chaining', 'Deck Construction', 'Rondel']"
148532,['Pattern Recognition']
128271,"['Area Majority / Influence', 'Closed Drafting', 'End Game Bonuses', 'Hand Management', 'Income', 'Layering', 'Modular Board', 'Simultaneous Action Selection', 'Solo / Solitaire Game', 'Square Grid', 'Tile Placement', 'Turn Order: Progressive']"
19857,"['End Game Bonuses', 'Follow', 'Hand Management', 'Multi-Use Cards', 'Set Collection', 'Sudden Death Ending', 'Variable Phase Order']"
275044,"['Dice Rolling', 'Die Icon Resolution', 'Open Drafting', 'Point to Point Movement', 'Push Your Luck', 'Re-rolling and Locking', 'Set Collection', 'Victory Points as a Resource']"
305700,"['Betting and Bluffing', 'Connections', 'Hand Management', 'Memory', 'Pattern Recognition', 'Programmed Movement', 'Push Your Luck', 'Variable Phase Order']"
188,"['Chaining', 'Enclosure', 'Pattern Building', 'Pattern Recognition', 'Square Grid']"
192547,['Stacking and Balancing']
378916,"['Betting and Bluffing', 'Catch the Leader', 'Finale Ending', 'Hand Management', 'Interrupts', 'Set Collection', 'Sudden Death Ending', 'Take That', 'Variable Phase Order', 'Variable Player Powers']"
182874,"['Action Drafting', 'Contracts', 'Dice Rolling', 'End Game Bonuses', 'Hand Management', 'Set Collection', 'Turn Order: Progressive', 'Variable Set-up']"
93,"['Action Drafting', 'Area Majority / Influence', 'Auction / Bidding', 'Hand Management', 'Open Drafting', 'Selection Order Bid', 'Simultaneous Action Selection', 'Take That', 'Turn Order: Auction']"
370,"['Area Majority / Influence', 'Auction / Bidding', 'Hand Management', 'Simultaneous Action Selection']"
146886,"['Area Majority / Influence', 'Automatic Resource Growth', 'Contracts', 'Dice Rolling', 'Hand Management', 'Hidden Victory Points', 'Income', 'Market', 'Multi-Use Cards', 'Open Drafting', 'Simultaneous Action Selection', 'Solo / Solitaire Game', 'Variable Player Powers', 'Victory Points as a Resource']"
341945,"['Action Drafting', 'Area Majority / Influence', 'Automatic Resource Growth', 'Contracts', 'Dice Rolling', 'Hand Management', 'Income', 'Market', 'Multi-Use Cards', 'Open Drafting', 'Turn Order: Stat-Based', 'Variable Player Powers', 'Variable Set-up', 'Victory Points as a Resource']"
329873,"['Melding and Splaying', 'Pattern Building', 'Solo / Solitaire Game', 'Tile Placement']"
352412,['Card Play Conflict Resolution']
336131,"['Action / Event', 'Deck, Bag, and Pool Building', 'Dice Rolling', 'Pick-up and Deliver', 'Point to Point Movement', 'Push Your Luck', 'Solo / Solitaire Game', 'Variable Set-up', 'Worker Placement', 'Worker Placement, Different Worker Types']"
98778,"['Communication Limits', 'Cooperative Game', 'Hand Management', 'Memory', 'Ordering', 'Set Collection']"
5451,"['Hand Management', 'Push Your Luck', 'Set Collection']"
158600,"['Area Majority / Influence', 'Force Commitment', 'Hand Management', 'I Cut, You Choose', 'Open Drafting', 'Race']"
322339,"['Area Majority / Influence', 'Area Movement', 'Force Commitment', 'Hand Management', 'I Cut, You Choose', 'Set Collection', 'Sudden Death Ending', 'Tug of War']"
438481,['Matching']
194626,['Real-Time']
414317,"['Chaining', 'Hexagon Grid', 'Open Drafting', 'Pattern Building', 'Set Collection', 'Solo / Solitaire Game', 'Tile Placement', 'Variable Player Powers']"
417599,"['Cooperative Game', 'Deck, Bag, and Pool Building', 'Hand Management', 'Move Through Deck', 'Solo / Solitaire Game', 'Variable Player Powers']"
300329,"['Dice Rolling', 'Player Elimination']"
165662,"['Grid Movement', 'Hand Management', 'Memory', 'Pattern Building', 'Simultaneous Action Selection']"
35677,"['Automatic Resource Growth', 'End Game Bonuses', 'Increase Value of Unchosen Resources', 'Loans', 'Ownership', 'Solo / Solitaire Game', 'Worker Placement']"
366013,"['Catch the Leader', 'Deck, Bag, and Pool Building', 'Hand Management', 'Programmed Movement', 'Push Your Luck', 'Race', 'Simulation', 'Simultaneous Action Selection', 'Solo / Solitaire Game', 'Track Movement', 'Variable Set-up']"
321608,"['Action / Event', 'Hand Management', 'Simulation', 'Variable Player Powers', 'Voting', 'Worker Placement, Different Worker Types']"
243759,"['Area Movement', 'Cooperative Game', 'Dice Rolling', 'Modular Board', 'Solo / Solitaire Game', 'Variable Player Powers']"
231554,"['Betting and Bluffing', 'Hand Management', 'Memory', 'Trading']"
198994,"['Deck, Bag, and Pool Building', 'Delayed Purchase', 'Hand Management', 'Once-Per-Game Abilities', 'Player Elimination', 'Take That']"
313718,"['Auction: Dexterity', 'Auction: Sealed Bid', 'Set Collection']"
341416,"['Dice Rolling', 'Push Your Luck', 'Re-rolling and Locking', 'Score-and-Reset Game']"
220,"['Auction / Bidding', 'Auction: Turn Order Until Pass', 'Constrained Bidding', 'Hand Management']"
357475,"['Area Majority / Influence', 'Grid Coverage', 'Worker Placement']"
318243,['Ordering']
154597,"['Enclosure', 'Grid Movement', 'Hexagon Grid', 'Pattern Movement', 'Pieces as Map', 'Slide / Push', 'Three Dimensional Movement', 'Tile Placement']"
302520,"['Communication Limits', 'Deduction', 'Score-and-Reset Game', 'Targeted Clues', 'Turn Order: Progressive']"
359398,"['Auction / Bidding', 'Closed Economy Auction', 'Communication Limits', 'Deduction']"
355735,"['Hand Management', 'Ladder Climbing', 'Memory']"
28,"['Dice Rolling', 'Network and Route Building', 'Open Drafting', 'Tile Placement', 'Variable Player Powers']"
318184,"['Deck, Bag, and Pool Building', 'End Game Bonuses', 'Hand Management', 'Move Through Deck', 'Open Drafting', 'Scenario / Mission / Campaign Game', 'Solo / Solitaire Game', 'Take That', 'Variable Player Powers', 'Variable Set-up']"
31594,"['Action Drafting', 'Events', 'Hand Management', 'Turn Order: Stat-Based', 'Variable Set-up']"
311191,"['Set Collection', 'Trick-taking']"
466,"['Point to Point Movement', 'Roll / Spin and Move', 'Team-Based Game']"
63888,"['Follow', 'Hand Management', 'Layering', 'Melding and Splaying', 'Sudden Death Ending', 'Tags', 'Take That', 'Tech Trees / Tech Tracks']"
344508,['Pattern Building']
228411,"['Action / Event', 'Area Majority / Influence', 'Campaign / Battle Card Driven', 'Hand Management', 'Tug of War']"
154246,"['Action Queue', 'Commodity Speculation', 'Enclosure', 'Hand Management', 'Modular Board', 'Multi-Use Cards', 'Set Collection', 'Simultaneous Action Selection']"
392473,"['Area Majority / Influence', 'Area Movement', 'Hand Management', 'Map Addition', 'Set Collection', 'Solo / Solitaire Game', 'Three Dimensional Movement', 'Tile Placement', 'Worker Placement']"
54043,"['End Game Bonuses', 'Hand Management', 'Hidden Victory Points', 'Market', 'Open Drafting', 'Race', 'Score-and-Reset Game', 'Set Collection', 'Sudden Death Ending', 'Turn Order: Progressive', 'Variable Set-up']"
297129,"['Take That', 'Trick-taking', 'Tug of War', 'Variable Phase Order']"
180901,"['Area Majority / Influence', 'Area Movement', 'Hand Management', 'Trick-taking']"
193042,"['Bingo', 'Hand Management', 'I Cut, You Choose', 'Score-and-Reset Game', 'Stacking and Balancing']"
254640,"['Communication Limits', 'Cooperative Game', 'Deduction', 'Score-and-Reset Game']"
122515,"['Auction / Bidding', 'Auction: Fixed Placement', 'Auction: Multiple Lot', 'Constrained Bidding', 'End Game Bonuses', 'Network and Route Building', 'Ownership', 'Selection Order Bid', 'Set Collection', 'Tile Placement', 'Turn Order: Auction', 'Variable Set-up', 'Worker Placement', 'Worker Placement, Different Worker Types']"
419754,"['Selection Order Bid', 'Set Collection']"
430319,"['Area Majority / Influence', 'Rondel']"
204602,"['Auction / Bidding', 'Hand Management', 'Set Collection', 'Take That', 'Variable Player Powers']"
422628,"['Area Majority / Influence', 'Open Drafting', 'Pattern Building', 'Set Collection', 'Tile Placement']"
193512,"['Modular Board', 'Set Collection', 'Turn Order: Claim Action', 'Worker Placement']"
379629,"['Hand Management', 'Open Drafting', 'Race', 'Set Collection']"
407006,"['Hand Management', 'Hidden Roles', 'Simultaneous Action Selection', 'Take That']"
108831,"['Area Majority / Influence', 'Modular Board']"
336929,"['Chaining', 'Enclosure', 'Hexagon Grid', 'Map Addition', 'Network and Route Building', 'Team-Based Game', 'Tile Placement']"
281474,"['Cooperative Game', 'Dice Rolling', 'Events', 'Movement Points', 'Narrative Choice / Paragraph', 'Negotiation', 'Once-Per-Game Abilities', 'Push Your Luck', 'Scenario / Mission / Campaign Game', 'Solo / Solitaire Game', 'Storytelling', 'Trading', 'Variable Player Powers']"
271319,"['Area Majority / Influence', 'Dice Rolling']"
354934,"['Chaining', 'Hand Management', 'Multi-Use Cards', 'Scenario / Mission / Campaign Game', 'Solo / Solitaire Game', 'Sudden Death Ending', 'Worker Placement']"
140620,"['Action Retrieval', 'Deck, Bag, and Pool Building', 'Delayed Purchase', 'Hand Management', 'Multi-Use Cards', 'Open Drafting', 'Race', 'Resource to Move', 'Solo / Solitaire Game', 'Track Movement', 'Worker Placement']"
251442,"['Deduction', 'Hand Management', 'Hidden Movement', 'Take That', 'Variable Player Powers']"
246201,"['Area Majority / Influence', 'Hand Management', 'Point to Point Movement', 'Simulation']"
153065,"['Hand Management', 'Melding and Splaying', 'Move Through Deck', 'Open Drafting', 'Take That']"
235512,"['Hand Management', 'Set Collection']"
462620,"['Dice Rolling', 'Hidden Movement']"
421006,"['Area Majority / Influence', 'Hand Management', 'Income', 'Layering', 'Market', 'Modular Board', 'Multi-Use Cards', 'Once-Per-Game Abilities', 'Open Drafting', 'Point to Point Movement', 'Race', 'Relative Movement', 'Set Collection', 'Sudden Death Ending', 'Tags', 'Take That', 'Tech Trees / Tech Tracks', 'Variable Player Powers', 'Variable Set-up']"
269385,"['Action Points', 'Area Movement', 'Campaign / Battle Card Driven', 'Cooperative Game', 'Deck, Bag, and Pool Building', 'Map Addition', 'Modular Board', 'Role Playing', 'Scenario / Mission / Campaign Game', 'Solo / Solitaire Game', 'Stat Check Resolution', 'Variable Player Powers']"
18833,"['Area Movement', 'Card Play Conflict Resolution', 'Hand Management', 'Secret Unit Deployment', 'Simultaneous Action Selection', 'Variable Player Powers']"
429293,"['Communication Limits', 'Cooperative Game', 'Scenario / Mission / Campaign Game', 'Trick-taking']"
467694,"['Area Majority / Influence', 'Campaign / Battle Card Driven', 'Dice Rolling', 'Multi-Use Cards']"
448271,"['Communication Limits', 'Cooperative Game', 'Scenario / Mission / Campaign Game', 'Trick-taking']"
156566,"['Action Queue', 'Area Majority / Influence', 'Auction: Sealed Bid', 'Highest-Lowest Scoring', 'Pick-up and Deliver', 'Point to Point Movement', 'Programmed Movement', 'Simultaneous Action Selection']"
50,"['Hand Management', 'Melding and Splaying', 'Ordering', 'Push Your Luck', 'Score-and-Reset Game', 'Set Collection']"
312484,"['Area Movement', 'Contracts', 'Deck, Bag, and Pool Building', 'Delayed Purchase', 'End Game Bonuses', 'Hand Management', 'Multi-Use Cards', 'Once-Per-Game Abilities', 'Open Drafting', 'Resource to Move', 'Solo / Solitaire Game', 'Track Movement', 'Turn Order: Progressive', 'Worker Placement']"
70512,"['Area Majority / Influence', 'Modular Board', 'Point to Point Movement', 'Solo / Solitaire Game', 'Tile Placement', 'Worker Placement']"
55670,"['Action Points', 'Dice Rolling', 'Hand Management', 'Network and Route Building', 'Open Drafting', 'Pick-up and Deliver', 'Set Collection']"
466316,"['Dice Rolling', 'Point to Point Movement', 'Solo / Solitaire Game']"
217466,"['Area Majority / Influence', 'Hand Management', 'Modular Board', 'Point to Point Movement', 'Set Collection']"
864,[]
248562,"['Card Play Conflict Resolution', 'Cooperative Game', 'Deck, Bag, and Pool Building', 'Dice Rolling', 'Grid Movement', 'Hand Management', 'Modular Board', 'Open Drafting', 'Role Playing', 'Solo / Solitaire Game', 'Tile Placement', 'Variable Player Powers']"
463,"['Betting and Bluffing', 'Closed Drafting', 'Deck Construction', 'Hand Management', 'Income', 'Interrupts', 'Player Elimination', 'Tags', 'Take That']"
392223,"['Closed Drafting', 'Deck Construction', 'Hand Management', 'Income', 'Interrupts', 'Take That', 'Voting']"
276025,"['Contracts', 'End Game Bonuses', 'Events', 'Hand Management', 'Income', 'Movement Points', 'Multi-Use Cards', 'Narrative Choice / Paragraph', 'Point to Point Movement', 'Scenario / Mission / Campaign Game', 'Set Collection', 'Solo / Solitaire Game', 'Stock Holding', 'Tech Trees / Tech Tracks', 'Track Movement', 'Variable Set-up']"
283948,"['Contracts', 'Dice Rolling', 'Point to Point Movement', 'Resource to Move', 'Turn Order: Stat-Based', 'Variable Player Powers', 'Worker Placement', 'Worker Placement with Dice Workers']"
359152,"['Hand Management', 'Open Drafting', 'Set Collection']"
372440,"['Open Drafting', 'Set Collection']"
393973,"['Card Play Conflict Resolution', 'Hand Management', 'Multi-Use Cards', 'Race', 'Tug of War', 'Variable Player Powers']"
361279,['Pattern Building']
239082,"['Hand Management', 'Set Collection']"
314491,"['Hand Management', 'Layering', 'Open Drafting', 'Set Collection', 'Solo / Solitaire Game', 'Worker Placement, Different Worker Types']"
10630,"['Area Majority / Influence', 'Campaign / Battle Card Driven', 'Command Cards', 'Dice Rolling', 'Die Icon Resolution', 'Grid Movement', 'Hand Management', 'Hexagon Grid', 'Line of Sight', 'Modular Board', 'Movement Points', 'Scenario / Mission / Campaign Game', 'Simulation', 'Team-Based Game', 'Variable Set-up']"
404431,"['Income', 'Open Drafting', 'Set Collection', 'Track Movement', 'Worker Placement']"
306040,"['Auction: Turn Order Until Pass', 'Contracts', 'Modular Board', 'Ownership', 'Rondel', 'Set Collection', 'Solo / Solitaire Game', 'Square Grid', 'Track Movement', 'Turn Order: Auction', 'Variable Set-up']"
239840,"['Open Drafting', 'Set Collection', 'Tile Placement']"
31563,"['Hand Management', 'Point to Point Movement', 'Team-Based Game', 'Variable Player Powers']"
346501,"['Area Majority / Influence', 'Closed Drafting', 'Pattern Building']"
345584,"['Hand Management', 'Take That']"
301030,"['Action / Event', 'Area Majority / Influence', 'Campaign / Battle Card Driven', 'Dice Rolling', 'Solo / Solitaire Game', 'Variable Player Powers']"
285533,"['Grid Coverage', 'Layering', 'Open Drafting', 'Pattern Building', 'Set Collection', 'Tile Placement']"
118,"['Auction / Bidding', 'Auction: English', 'Auction: Once Around', 'Auction: Sealed Bid', 'Auction: Turn Order Until Pass', 'Commodity Speculation', 'Hand Management', 'Victory Points as a Resource']"
349750,"['Multi-Use Cards', 'Negotiation', 'Push Your Luck', 'Roll / Spin and Move', 'Semi-Cooperative Game', 'Set Collection', 'Solo / Solitaire Game', 'Traitor Game']"
340292,"['Action / Event', 'Point to Point Movement', 'Solo / Solitaire Game']"
198611,['Hand Management']
238393,"['Hand Management', 'Hexagon Grid', 'Player Elimination', 'Team-Based Game', 'Tile Placement', 'Variable Player Powers']"
164840,"['Hand Management', 'Set Collection', 'Take That']"
40398,"['Hand Management', 'Set Collection', 'Take That']"
175199,"['Follow', 'Hand Management', 'Multi-Use Cards', 'Set Collection', 'Team-Based Game', 'Variable Phase Order']"
162315,['Grid Movement']
192312,"['Open Drafting', 'Pattern Building', 'Pattern Recognition', 'Push Your Luck', 'Set Collection', 'Solo / Solitaire Game']"
21763,"['Grid Movement', 'Hexagon Grid', 'Open Drafting', 'Variable Player Powers']"
295486,"['Bingo', 'Catch the Leader', 'Grid Coverage', 'Legacy Game', 'Pattern Building', 'Scenario / Mission / Campaign Game', 'Tile Placement']"
35488,"['Deduction', 'Hand Management', 'Secret Unit Deployment']"
328731,"['Area Majority / Influence', 'Enclosure', 'I Cut, You Choose', 'Lose a Turn', 'Pattern Building', 'Pattern Recognition', 'Square Grid']"
415792,"['Action Points', 'Pattern Building', 'Pick-up and Deliver']"
375316,"['Chaining', 'Cooperative Game', 'Real-Time']"
12942,"['Auction / Bidding', 'Closed Economy Auction', 'Push Your Luck', 'Score-and-Reset Game', 'Set Collection']"
116858,['Hand Management']
342258,"['Hand Management', 'Open Drafting', 'Pattern Building', 'Set Collection']"
25554,"['Area Majority / Influence', 'Closed Drafting', 'Point to Point Movement']"
284435,"['Contracts', 'Pattern Building', 'Race', 'Rondel', 'Tile Placement', 'Turn Order: Time Track']"
396790,"['Action Retrieval', 'Contracts', 'End Game Bonuses', 'Hand Management', 'Income', 'Market', 'Network and Route Building', 'Solo / Solitaire Game', 'Tech Trees / Tech Tracks', 'Variable Player Powers']"
383158,"['Area Majority / Influence', 'Modular Board', 'Multi-Use Cards', 'Open Drafting', 'Set Collection']"
368265,"['Open Drafting', 'Pattern Building', 'Set Collection', 'Tile Placement']"
270314,"['Closed Drafting', 'Ordering', 'Set Collection']"
246315,[]
147949,"['Hidden Roles', 'Role Playing', 'Roles with Asymmetric Information', 'Traitor Game', 'Variable Player Powers', 'Voting']"
163166,"['Hidden Roles', 'Role Playing', 'Roles with Asymmetric Information', 'Traitor Game', 'Variable Player Powers', 'Voting']"
245487,"['Layering', 'Melding and Splaying', 'Pattern Building', 'Solo / Solitaire Game', 'Tile Placement']"
429405,"['Action Retrieval', 'End Game Bonuses', 'Rondel', 'Set Collection', 'Tech Trees / Tech Tracks', 'Variable Set-up', 'Worker Placement']"
230200,"['Open Drafting', 'Pattern Building', 'Pattern Recognition', 'Simulation']"
232974,"['Area Majority / Influence', 'Moving Multiple Units', 'Square Grid']"
303057,"['Auction / Bidding', 'Auction: Fixed Placement', 'Connections', 'Constrained Bidding', 'Dice Rolling', 'Events', 'Income', 'Investment', 'Stock Holding', 'Turn Order: Claim Action', 'Turn Order: Progressive', 'Worker Placement']"
417323,"['Hand Management', 'Ladder Climbing', 'Melding and Splaying', 'Set Collection']"
217861,"['Closed Drafting', 'End Game Bonuses', 'Hand Management', 'Secret Unit Deployment', 'Simultaneous Action Selection']"
331654,"['Action Drafting', 'Area Majority / Influence', 'Open Drafting', 'Tile Placement']"
276498,"['Action Drafting', 'Grid Coverage', 'Modular Board', 'Open Drafting', 'Square Grid', 'Tile Placement']"
144041,"['Action Points', 'Alliances', 'Auction / Bidding', 'Grid Movement', 'Income', 'Layering', 'Open Drafting', 'Simultaneous Action Selection', 'Tile Placement', 'Track Movement', 'Voting', 'Worker Placement']"
163412,"['Grid Coverage', 'Income', 'Open Drafting', 'Rondel', 'Square Grid', 'Tile Placement', 'Turn Order: Stat-Based', 'Turn Order: Time Track', 'Victory Points as a Resource']"
217398,"['Area Majority / Influence', 'Deck, Bag, and Pool Building', 'Dice Rolling', 'Hand Management', 'Tech Trees / Tech Tracks', 'Variable Player Powers']"
404449,"['Action Points', 'Area Majority / Influence', 'Area Movement', 'Auction: Dutch', 'Hand Management', 'Increase Value of Unchosen Resources', 'Negotiation', 'Open Drafting', 'Score-and-Reset Game', 'Simulation', 'Solo / Solitaire Game']"
256960,"['Action Points', 'Area Majority / Influence', 'Area Movement', 'Auction: Dutch', 'Bribery', 'Hand Management', 'Increase Value of Unchosen Resources', 'Negotiation', 'Open Drafting', 'Score-and-Reset Game', 'Simulation', 'Solo / Solitaire Game', 'Tags', 'Take That']"
339214,['Push Your Luck']
369388,"['Communication Limits', 'Elapsed Real Time Ending', 'Real-Time', 'Team-Based Game']"
342046,"['Action Retrieval', 'Area Majority / Influence', 'Commodity Speculation', 'Contracts', 'Deck, Bag, and Pool Building', 'End Game Bonuses', 'Hand Management', 'Movement Points', 'Open Drafting', 'Ownership', 'Pick-up and Deliver', 'Variable Set-up']"
15818,"['Dice Rolling', 'Push Your Luck', 'Re-rolling and Locking', 'Take That']"
98229,['Drawing']
246200,"['Hand Management', 'Open Drafting', 'Set Collection']"
333280,"['Ladder Climbing', 'Push Your Luck']"
274960,"['Contracts', 'End Game Bonuses', 'Open Drafting', 'Set Collection']"
303551,"['Area Majority / Influence', 'Area Movement', 'Card Play Conflict Resolution', 'Dice Rolling', 'Market', 'Simulation', 'Turn Order: Stat-Based', 'Victory Points as a Resource']"
180899,"['Loans', 'Set Collection', 'Trading']"
331265,"['Contracts', 'Cooperative Game', 'Move Through Deck', 'Open Drafting', 'Push Your Luck', 'Set Collection', 'Solo / Solitaire Game']"
2651,"['Auction / Bidding', 'Auction: Turn Order Until Pass', 'Catch the Leader', 'Income', 'Market', 'Network and Route Building', 'Turn Order: Stat-Based', 'Variable Set-up']"
308765,"['Action Drafting', 'Area Majority / Influence', 'Enclosure', 'End Game Bonuses', 'Hexagon Grid', 'Income', 'Three Dimensional Movement', 'Tile Placement', 'Track Movement', 'Variable Set-up']"
403123,['Auction: Sealed Bid']
318985,"['Action Drafting', 'End Game Bonuses', 'Follow', 'Hidden Victory Points', 'Increase Value of Unchosen Resources', 'Turn Order: Progressive', 'Variable Phase Order']"
228341,"['Dice Rolling', 'Open Drafting', 'Point to Point Movement', 'Worker Placement with Dice Workers']"
1419,"['Hand Management', 'Pattern Building', 'Square Grid']"
266830,"['Auction / Bidding', 'Auction: Sealed Bid', 'End Game Bonuses', 'Memory', 'Set Collection']"
244521,"['Catch the Leader', 'Deck, Bag, and Pool Building', 'Delayed Purchase', 'Dice Rolling', 'Die Icon Resolution', 'Events', 'Neighbor Scope', 'Push Your Luck', 'Score-and-Reset Game', 'Simultaneous Action Selection', 'Track Movement', 'Variable Set-up']"
143519,"['Area Majority / Influence', 'Dice Rolling', 'Grid Movement', 'Modular Board', 'Square Grid']"
265285,"['Open Drafting', 'Pattern Building', 'Set Collection', 'Tile Placement', 'Variable Set-up']"
217372,"['Deck, Bag, and Pool Building', 'Delayed Purchase', 'Grid Movement', 'Hand Management', 'Hexagon Grid', 'Modular Board', 'Multi-Use Cards', 'Once-Per-Game Abilities', 'Open Drafting', 'Race', 'Resource to Move', 'Variable Set-up', 'Zone of Control']"
300700,"['Auction / Bidding', 'Selection Order Bid', 'Set Collection', 'Turn Order: Claim Action', 'Worker Placement']"
12,"['Auction / Bidding', 'Auction: Once Around', 'Closed Economy Auction', 'Constrained Bidding', 'Hidden Victory Points', 'Push Your Luck', 'Set Collection']"
347157,"['Hand Management', 'Solo / Solitaire Game', 'Take That']"
28143,"['End Game Bonuses', 'Follow', 'Hand Management', 'Income', 'Market', 'Multi-Use Cards', 'Simultaneous Action Selection', 'Tags', 'Variable Phase Order']"
245654,"['Bingo', 'Connections', 'Dice Rolling', 'Line Drawing', 'Network and Route Building', 'Paper-and-Pencil', 'Simultaneous Action Selection', 'Solo / Solitaire Game']"
264476,"['Action Points', 'Cooperative Game', 'Dice Rolling', 'Role Playing', 'Solo / Solitaire Game', 'Variable Player Powers']"
387780,"['Contracts', 'Events', 'Hand Management', 'Turn Order: Claim Action', 'Variable Set-up', 'Worker Placement']"
351040,"['Betting and Bluffing', 'Dice Rolling', 'Real-Time', 'Track Movement']"
227224,"['Area Majority / Influence', 'Contracts', 'Dice Rolling', 'End Game Bonuses', 'Rondel', 'Solo / Solitaire Game', 'Victory Points as a Resource']"
161417,"['Hand Management', 'Multi-Use Cards', 'Pattern Building', 'Player Elimination', 'Score-and-Reset Game', 'Set Collection']"
244228,"['Hand Management', 'Layering', 'Pattern Building', 'Tile Placement']"
387276,"['Hand Management', 'Multi-Use Cards', 'Open Drafting', 'Set Collection', 'Solo / Solitaire Game']"
307002,"['Card Play Conflict Resolution', 'Communication Limits', 'Cooperative Game', 'Hand Management', 'Solo / Solitaire Game', 'Sudden Death Ending', 'Variable Set-up']"
363089,"['Betting and Bluffing', 'Hand Management', 'Push Your Luck']"
352697,"['Card Play Conflict Resolution', 'Deck, Bag, and Pool Building', 'Hand Management', 'Open Drafting', 'Push Your Luck', 'Scenario / Mission / Campaign Game', 'Solo / Solitaire Game']"
41114,"['Hidden Roles', 'Memory', 'Roles with Asymmetric Information', 'Simultaneous Action Selection', 'Team-Based Game', 'Traitor Game', 'Voting']"
91514,"['Hand Management', 'Lose a Turn', 'Score-and-Reset Game', 'Stacking and Balancing', 'Three Dimensional Movement']"
246532,"['Die Icon Resolution', 'Tile Placement']"
205896,"['Action Drafting', 'Alliances', 'Area Majority / Influence', 'Area Movement', 'Auction: Sealed Bid', 'Betting and Bluffing', 'Closed Drafting', 'End Game Bonuses', 'Follow', 'Force Commitment', 'Negotiation', 'Set Collection', 'Simultaneous Action Selection', 'Take That', 'Variable Phase Order', 'Variable Player Powers', 'Variable Set-up']"
18,"['Action Queue', 'Bias', 'Grid Movement', 'Lose a Turn', 'Modular Board', 'Programmed Movement', 'Race', 'Scenario / Mission / Campaign Game', 'Simultaneous Action Selection']"
402679,"['End Game Bonuses', 'Events', 'Push Your Luck', 'Set Collection', 'Variable Player Powers', 'Worker Placement']"
424757,[]
278824,"['Dice Rolling', 'Hand Management', 'Network and Route Building', 'Push Your Luck']"
237182,"['Action Points', 'Action Queue', 'Action Retrieval', 'Area Majority / Influence', 'Area Movement', 'Dice Rolling', 'Hand Management', 'Multi-Use Cards', 'Negotiation', 'Point to Point Movement', 'Race', 'Sudden Death Ending', 'Take That', 'Variable Player Powers', 'Variable Set-up']"
334486,"['Action Queue', 'Action Retrieval', 'Area Majority / Influence', 'Area Movement', 'Dice Rolling', 'Hand Management', 'Point to Point Movement', 'Race', 'Variable Player Powers', 'Variable Set-up']"
336276,"['Action Queue', 'Action Retrieval', 'Area Majority / Influence', 'Area Movement', 'Dice Rolling', 'Hand Management', 'Point to Point Movement', 'Race', 'Variable Player Powers', 'Variable Set-up']"
334485,"['Action Queue', 'Action Retrieval', 'Area Majority / Influence', 'Area Movement', 'Dice Rolling', 'Hand Management', 'Point to Point Movement', 'Race', 'Variable Player Powers', 'Variable Set-up']"
287220,"['Action Queue', 'Area Majority / Influence', 'Cooperative Game', 'Dice Rolling', 'Hand Management', 'Point to Point Movement', 'Solo / Solitaire Game', 'Variable Player Powers']"
272638,"['Hand Management', 'Point to Point Movement', 'Variable Player Powers']"
330149,[]
241386,"['Area Majority / Influence', 'Area Movement', 'Cooperative Game', 'Dice Rolling', 'Hand Management', 'Race', 'Solo / Solitaire Game', 'Variable Player Powers']"
272637,"['Action Queue', 'Area Majority / Influence', 'Betting and Bluffing', 'Dice Rolling', 'Hand Management', 'King of the Hill', 'Point to Point Movement', 'Variable Player Powers']"
361193,[]
313531,"['Dice Rolling', 'Grid Coverage', 'Line Drawing', 'Paper-and-Pencil', 'Push Your Luck', 'Set Collection']"
368650,"['End Game Bonuses', 'Interrupts', 'Map Addition', 'Matching', 'Pieces as Map', 'Real-Time', 'Set Collection', 'Square Grid', 'Tile Placement', 'Variable Set-up']"
199561,"['Contracts', 'Dice Rolling', 'End Game Bonuses', 'Grid Coverage', 'Open Drafting', 'Pattern Building', 'Set Collection', 'Solo / Solitaire Game', 'Turn Order: Progressive', 'Variable Set-up']"
3,"['Area Majority / Influence', 'Enclosure', 'Hand Management', 'Hexagon Grid', 'Hidden Victory Points', 'Once-Per-Game Abilities', 'Set Collection', 'Tile Placement', 'Variable Set-up']"
441696,"['Action Queue', 'Hand Management', 'Hexagon Grid', 'Open Drafting', 'Set Collection', 'Solo / Solitaire Game', 'Tile Placement', 'Variable Set-up']"
456590,[]
228420,['Trick-taking']
438,"['Hidden Movement', 'Point to Point Movement', 'Secret Unit Deployment', 'Team-Based Game']"
291453,"['Hand Management', 'Ladder Climbing', 'Score-and-Reset Game']"
367220,"['Hand Management', 'Melding and Splaying', 'Open Drafting', 'Push Your Luck', 'Score-and-Reset Game', 'Set Collection', 'Sudden Death Ending', 'Take That']"
442250,"['Catch the Leader', 'Events', 'Hand Management', 'Melding and Splaying', 'Open Drafting', 'Push Your Luck', 'Score-and-Reset Game', 'Set Collection', 'Sudden Death Ending', 'Variable Player Powers']"
396545,"['Hand Management', 'Melding and Splaying', 'Open Drafting', 'Push Your Luck', 'Score-and-Reset Game', 'Set Collection', 'Sudden Death Ending']"
225482,"['Hand Management', 'Trick-taking']"
108745,"['Closed Drafting', 'Dice Rolling', 'Die Icon Resolution', 'Hand Management', 'Open Drafting', 'Tags', 'Take That', 'Turn Order: Progressive', 'Victory Points as a Resource']"
256705,"['Open Drafting', 'Tile Placement', 'Variable Player Powers']"
136233,"['Closed Drafting', 'Dice Rolling', 'Once-Per-Game Abilities', 'Open Drafting', 'Variable Player Powers', 'Victory Points as a Resource']"
164015,"['Dice Rolling', 'Hand Management', 'Open Drafting']"
148166,"['Dice Rolling', 'Open Drafting']"
188834,"['Hidden Roles', 'Player Elimination', 'Team-Based Game', 'Traitor Game', 'Voting']"
347112,"['Connections', 'Deduction', 'Hidden Roles', 'Voting']"
307170,"['Closed Drafting', 'Hand Management', 'Modular Board']"
25021,"['Action Points', 'Card Play Conflict Resolution', 'Force Commitment', 'Hand Management', 'Point to Point Movement', 'Secret Unit Deployment', 'Turn Order: Auction', 'Variable Set-up']"
270847,"['Flicking', 'Simulation', 'Tug of War']"
432709,['Cooperative Game']
229741,"['Grid Movement', 'Hand Management', 'Secret Unit Deployment', 'Variable Player Powers']"
250781,"['Action Queue', 'Hand Management', 'Open Drafting']"
339614,"['Action / Event', 'Network and Route Building', 'Order Counters', 'Victory Points as a Resource']"
272380,"['Grid Movement', 'Slide / Push', 'Square Grid']"
177678,"['Dice Rolling', 'Set Collection', 'Variable Set-up', 'Worker Placement', 'Worker Placement with Dice Workers']"
150145,"['Hand Management', 'Predictive Bid', 'Rock-Paper-Scissors', 'Trick-taking']"
373106,"['Communication Limits', 'Cooperative Game', 'Dice Rolling', 'Scenario / Mission / Campaign Game', 'Turn Order: Progressive', 'Variable Player Powers', 'Variable Set-up', 'Worker Placement with Dice Workers']"
122522,"['Area Majority / Influence', 'Card Play Conflict Resolution', 'Deck Construction', 'Hand Management', 'Kill Steal', 'Open Drafting', 'Take That', 'Variable Player Powers', 'Variable Set-up']"
337389,"['Hidden Roles', 'Team-Based Game', 'Voting']"
260407,"['Cooperative Game', 'Hand Management', 'Push Your Luck']"
38453,"['Action Queue', 'Area Movement', 'Cooperative Game', 'Elapsed Real Time Ending', 'Hand Management', 'Programmed Movement', 'Real-Time', 'Simultaneous Action Selection', 'Solo / Solitaire Game']"
61492,"['Action Queue', 'Area Movement', 'Cooperative Game', 'Hand Management', 'Simultaneous Action Selection', 'Solo / Solitaire Game', 'Variable Player Powers']"
242302,"['Dice Rolling', 'Open Drafting', 'Random Production']"
66505,"['Auction / Bidding', 'Auction: Dutch Priority', 'Contracts', 'End Game Bonuses', 'Events', 'Income', 'Set Collection', 'Turn Order: Progressive']"
286363,"['Area Majority / Influence', 'Enclosure', 'Modular Board', 'Tile Placement', 'Variable Player Powers']"
162886,"['Action Retrieval', 'Area Majority / Influence', 'Automatic Resource Growth', 'Campaign / Battle Card Driven', 'Cooperative Game', 'Deck, Bag, and Pool Building', 'Hand Management', 'Modular Board', 'Simultaneous Action Selection', 'Solo / Solitaire Game', 'Tags', 'Variable Player Powers', 'Variable Set-up']"
364073,"['Contracts', 'Open Drafting', 'Race', 'Set Collection']"
359878,"['Closed Drafting', 'Neighbor Scope', 'Simultaneous Action Selection']"
251658,"['Closed Drafting', 'Cooperative Game', 'Hand Management', 'Layering', 'Solo / Solitaire Game', 'Tile Placement']"
166384,"['Acting', 'Communication Limits', 'Memory', 'Role Playing', 'Roles with Asymmetric Information', 'Targeted Clues', 'Traitor Game', 'Voting']"
147020,"['Deck, Bag, and Pool Building', 'Delayed Purchase', 'Hand Management', 'Income', 'Multi-Use Cards', 'Open Drafting', 'Player Elimination', 'Set Collection', 'Tags', 'Take That', 'Variable Set-up']"
370913,"['Action Points', 'Cooperative Game', 'Die Icon Resolution', 'Hand Management', 'Point to Point Movement', 'Set Collection', 'Solo / Solitaire Game', 'Variable Player Powers']"
322283,"['Action Points', 'Dice Rolling', 'Measurement Movement', 'Role Playing', 'Scenario / Mission / Campaign Game', 'Variable Player Powers']"
293678,"['Area Majority / Influence', 'Hand Management', 'Open Drafting', 'Set Collection', 'Tile Placement']"
91873,"['Area Majority / Influence', 'Auction / Bidding', 'Auction: Once Around', 'Pattern Building', 'Tile Placement']"
123570,"['Dice Rolling', 'Player Elimination', 'Push Your Luck']"
2653,"['Area Majority / Influence', 'Dice Rolling', 'Grid Movement', 'Hexagon Grid', 'Map Reduction', 'Memory', 'Modular Board', 'Movement Points', 'Secret Unit Deployment', 'Take That']"
37400,"['Dice Rolling', 'Memory', 'Push Your Luck', 'Set Collection']"
475,"['Auction / Bidding', 'Auction: Turn Order Until Pass', 'Hand Management', 'Network and Route Building', 'Open Drafting', 'Set Collection']"
352485,"['Area Majority / Influence', 'Grid Coverage', 'Paper-and-Pencil', 'Pattern Building', 'Simultaneous Action Selection', 'Solo / Solitaire Game', 'Square Grid', 'Variable Set-up']"
215613,"['Grid Movement', 'Mancala', 'Modular Board', 'Point to Point Movement']"
118048,"['End Game Bonuses', 'Modular Board', 'Open Drafting', 'Pattern Building', 'Set Collection', 'Square Grid', 'Turn Order: Progressive', 'Worker Placement']"
340646,"['Betting and Bluffing', 'Deduction', 'Player Elimination', 'Push Your Luck', 'Turn Order: Stat-Based']"
465134,"['Alliances', 'Card Play Conflict Resolution', 'Chaining', 'Command Cards', 'Dice Rolling', 'Hand Management', 'Hexagon Grid', 'Income', 'Multi-Use Cards', 'Negotiation', 'Open Drafting', 'Race', 'Random Production', 'Take That', 'Variable Set-up']"
364186,"['Chaining', 'Hexagon Grid', 'Network and Route Building', 'Turn Order: Pass Order', 'Variable Player Powers']"
167791,"['Closed Drafting', 'Contracts', 'End Game Bonuses', 'Hand Management', 'Hexagon Grid', 'Income', 'Solo / Solitaire Game', 'Tags', 'Take That', 'Tile Placement', 'Turn Order: Progressive', 'Variable Player Powers', 'Variable Set-up']"
296108,"['Contracts', 'Deck, Bag, and Pool Building', 'Dice Rolling', 'Die Icon Resolution', 'End Game Bonuses', 'Hand Management', 'Hexagon Grid', 'Solo / Solitaire Game', 'Tile Placement']"
344258,"['Grid Movement', 'King of the Hill', 'Multiple Maps', 'Scenario / Mission / Campaign Game', 'Slide / Push', 'Square Grid', 'Sudden Death Ending']"
421852,"['Area Majority / Influence', 'Hand Management', 'Multi-Use Cards']"
341753,['Area Majority / Influence']
215,"['Hand Management', 'Ladder Climbing', 'Predictive Bid', 'Team-Based Game']"
106637,"['Communication Limits', 'Hand Management', 'Network and Route Building', 'Open Drafting', 'Set Collection', 'Team-Based Game']"
414268,"['Hand Management', 'Network and Route Building', 'Open Drafting', 'Set Collection', 'Stock Holding']"
14996,"['Connections', 'Contracts', 'End Game Bonuses', 'Hand Management', 'Network and Route Building', 'Open Drafting', 'Push Your Luck', 'Set Collection']"
276894,"['Hand Management', 'Network and Route Building', 'Open Drafting', 'Set Collection']"
21348,"['Hand Management', 'Network and Route Building', 'Open Drafting', 'Point to Point Movement', 'Set Collection']"
195544,"['Closed Drafting', 'Set Collection', 'Sudden Death Ending']"
119464,['Stacking and Balancing']
42,"['Area Majority / Influence', 'Chaining', 'Connections', 'Force Commitment', 'Hand Management', 'Hidden Victory Points', 'Highest-Lowest Scoring', 'Income', 'Set Collection', 'Square Grid', 'Take That', 'Tile Placement']"
166317,"['Dice Rolling', 'Set Collection', 'Simulation']"
236217,"['Hidden Roles', 'Role Playing', 'Team-Based Game', 'Traitor Game']"
145189,[]
331787,"['Cooperative Game', 'Dice Rolling', 'Finale Ending', 'Modular Board', 'Solo / Solitaire Game', 'Tile Placement', 'Variable Player Powers', 'Variable Set-up']"
329862,"['Action Queue', 'Catch the Leader', 'Modular Board', 'Programmed Movement', 'Race', 'Real-Time', 'Variable Player Powers']"
393307,"['Kill Steal', 'Open Drafting']"
434654,"['Area Majority / Influence', 'Multiple Maps', 'Sudden Death Ending', 'Zone of Control']"
102680,"['Area Movement', 'Hand Management', 'Mancala', 'Open Drafting', 'Set Collection']"
288513,"['Communication Limits', 'Cooperative Game', 'Hand Management', 'Solo / Solitaire Game', 'Tile Placement']"
303672,"['Bingo', 'Chaining', 'Dice Rolling', 'Once-Per-Game Abilities', 'Paper-and-Pencil', 'Pattern Building', 'Simultaneous Action Selection', 'Solo / Solitaire Game', 'Variable Set-up']"
392064,"['End Game Bonuses', 'Modular Board', 'Point to Point Movement', 'Race', 'Set Collection', 'Solo / Solitaire Game', 'Storytelling']"
251722,"['Grid Movement', 'Pattern Building', 'Square Grid']"
255668,"['Action Points', 'Action Queue', 'Catch the Leader', 'Deck, Bag, and Pool Building', 'Dice Rolling', 'Simultaneous Action Selection', 'Tile Placement', 'Turn Order: Stat-Based', 'Worker Placement', 'Worker Placement, Different Worker Types']"
352515,"['Matching', 'Memory', 'Questions and Answers', 'Set Collection']"
298060,"['Open Drafting', 'Set Collection']"
1403,"['Auction: Sealed Bid', 'Hand Management', 'Player Elimination', 'Score-and-Reset Game', 'Simultaneous Action Selection']"
257614,"['I Cut, You Choose', 'Open Drafting', 'Set Collection']"
233078,"['Action Drafting', 'Area-Impulse', 'Dice Rolling', 'Follow', 'Grid Movement', 'Hexagon Grid', 'Increase Value of Unchosen Resources', 'King of the Hill', 'Modular Board', 'Movement Points', 'Race', 'Tech Trees / Tech Tracks', 'Trading', 'Variable Phase Order', 'Variable Player Powers', 'Variable Set-up', 'Voting']"
361545,"['Dice Rolling', 'Paper-and-Pencil', 'Variable Player Powers']"
12333,"['Action / Event', 'Advantage Token', 'Area Majority / Influence', 'Campaign / Battle Card Driven', 'Dice Rolling', 'Events', 'Hand Management', 'Simulation', 'Simultaneous Action Selection', 'Stat Check Resolution', 'Sudden Death Ending', 'Tug of War', 'Variable Player Powers', 'Variable Set-up']"
189932,"['Area Majority / Influence', 'Connections', 'Deck, Bag, and Pool Building', 'Delayed Purchase', 'Open Drafting', 'Take That', 'Variable Set-up', 'Zone of Control']"
126163,"['Bias', 'End Game Bonuses', 'Once-Per-Game Abilities', 'Track Movement', 'Turn Order: Claim Action', 'Worker Placement']"
143065,"['Set Collection', 'Variable Player Powers', 'Worker Placement']"
329591,"['End Game Bonuses', 'Tech Trees / Tech Tracks', 'Turn Order: Claim Action', 'Worker Placement']"
12157,"['Connections', 'Paper-and-Pencil']"
366495,"['Deck, Bag, and Pool Building', 'Dice Rolling', 'Hand Management', 'Hexagon Grid', 'Modular Board', 'Open Drafting', 'Scenario / Mission / Campaign Game', 'Simulation']"
268864,"['Deck, Bag, and Pool Building', 'Dice Rolling', 'Hand Management', 'Modular Board', 'Open Drafting', 'Scenario / Mission / Campaign Game', 'Simulation']"
290359,"['Command Cards', 'Deck, Bag, and Pool Building', 'Dice Rolling', 'Hexagon Grid', 'Modular Board', 'Open Drafting', 'Simulation']"
306735,"['Dice Rolling', 'Modular Board', 'Once-Per-Game Abilities', 'Re-rolling and Locking', 'Scenario / Mission / Campaign Game', 'Solo / Solitaire Game', 'Square Grid', 'Sudden Death Ending', 'Variable Set-up', 'Worker Placement', 'Worker Placement with Dice Workers']"
247763,"['End Game Bonuses', 'Hand Management', 'Income', 'Network and Route Building', 'Solo / Solitaire Game', 'Turn Order: Claim Action', 'Turn Order: Stat-Based', 'Worker Placement']"
217085,"['Dice Rolling', 'Kill Steal', 'Set Collection', 'Tile Placement']"
381297,"['Action Points', 'Campaign / Battle Card Driven', 'Card Play Conflict Resolution', 'Cooperative Game', 'Hand Management', 'Line of Sight', 'Multi-Use Cards', 'Point to Point Movement', 'Solo / Solitaire Game', 'Variable Player Powers']"
425276,"['Action Points', 'Card Play Conflict Resolution', 'Cooperative Game', 'Hand Management', 'Line of Sight', 'Multi-Use Cards', 'Point to Point Movement', 'Solo / Solitaire Game', 'Variable Player Powers']"
429397,"['Action Points', 'Card Play Conflict Resolution', 'Hand Management', 'Line of Sight', 'Multi-Use Cards', 'Point to Point Movement', 'Variable Player Powers']"
295564,"['Action Points', 'Card Play Conflict Resolution', 'Hand Management', 'Line of Sight', 'Movement Points', 'Point to Point Movement', 'Team-Based Game', 'Variable Player Powers']"
274637,"['Action Points', 'Card Play Conflict Resolution', 'Hand Management', 'Line of Sight', 'Player Elimination', 'Point to Point Movement', 'Team-Based Game', 'Variable Player Powers']"
439765,"['Action Points', 'Card Play Conflict Resolution', 'Hand Management', 'Line of Sight', 'Player Elimination', 'Point to Point Movement', 'Team-Based Game', 'Variable Player Powers']"
335764,"['Action Points', 'Card Play Conflict Resolution', 'Hand Management', 'Line of Sight', 'Point to Point Movement', 'Team-Based Game', 'Variable Player Powers']"
383467,"['Action Points', 'Card Play Conflict Resolution', 'Hand Management', 'Line of Sight', 'Point to Point Movement', 'Team-Based Game', 'Variable Player Powers']"
315060,"['Action Points', 'Card Play Conflict Resolution', 'Hand Management', 'Line of Sight', 'Point to Point Movement', 'Take That', 'Team-Based Game', 'Variable Player Powers']"
294484,"['Action Points', 'Card Play Conflict Resolution', 'Hand Management', 'Line of Sight', 'Movement Points', 'Player Elimination', 'Point to Point Movement', 'Resource to Move', 'Team-Based Game', 'Variable Player Powers']"
326937,"['Action Points', 'Card Play Conflict Resolution', 'Hand Management', 'Line of Sight', 'Point to Point Movement', 'Take That', 'Team-Based Game', 'Variable Player Powers']"
326934,"['Action Points', 'Card Play Conflict Resolution', 'Hand Management', 'Line of Sight', 'Point to Point Movement', 'Take That', 'Team-Based Game', 'Variable Player Powers']"
451703,"['Action Points', 'Card Play Conflict Resolution', 'Hand Management', 'Line of Sight', 'Point to Point Movement', 'Team-Based Game', 'Variable Player Powers']"
354544,"['Action Points', 'Card Play Conflict Resolution', 'Hand Management', 'Line of Sight', 'Point to Point Movement', 'Variable Player Powers']"
274638,"['Action Points', 'Card Play Conflict Resolution', 'Hand Management', 'Line of Sight', 'Point to Point Movement', 'Variable Player Powers']"
415945,"['Action Points', 'Card Play Conflict Resolution', 'Hand Management', 'Line of Sight', 'Point to Point Movement', 'Team-Based Game', 'Variable Player Powers']"
383469,"['Action Points', 'Campaign / Battle Card Driven', 'Card Play Conflict Resolution', 'Hand Management', 'Line of Sight', 'Point to Point Movement', 'Variable Player Powers']"
411861,"['Action Points', 'Card Play Conflict Resolution', 'Hand Management', 'Line of Sight', 'Point to Point Movement', 'Team-Based Game', 'Variable Player Powers']"
411860,"['Action Points', 'Card Play Conflict Resolution', 'Hand Management', 'Line of Sight', 'Point to Point Movement', 'Team-Based Game', 'Variable Player Powers']"
363503,['Card Play Conflict Resolution']
381095,['Solo / Solitaire Game']
385529,"['Hand Management', 'Multi-Use Cards', 'Open Drafting', 'Race', 'Set Collection', 'Tags', 'Turn Order: Progressive']"
300583,"['Hand Management', 'Matching', 'Once-Per-Game Abilities', 'Open Drafting', 'Set Collection', 'Solo / Solitaire Game', 'Square Grid', 'Tile Placement', 'Variable Set-up']"
311900,"['Area Majority / Influence', 'Campaign / Battle Card Driven', 'Cooperative Game', 'Dice Rolling', 'Solo / Solitaire Game']"
439983,"['Contracts', 'Deck, Bag, and Pool Building', 'Pattern Building', 'Tile Placement']"
249259,"['Area Majority / Influence', 'Deck, Bag, and Pool Building', 'Delayed Purchase', 'Grid Movement', 'Hand Management', 'Hexagon Grid', 'Team-Based Game', 'Turn Order: Claim Action', 'Variable Player Powers']"
115746,"['Area Majority / Influence', 'Area Movement', 'Campaign / Battle Card Driven', 'Card Play Conflict Resolution', 'Dice Rolling', 'Events', 'Hand Management', 'Movement Points', 'Team-Based Game', 'Variable Player Powers', 'Variable Set-up']"
296237,"['Deck, Bag, and Pool Building', 'Solo / Solitaire Game']"
396618,"['Enclosure', 'Income', 'Investment', 'Negotiation', 'Set Collection', 'Tile Placement', 'Trading', 'Victory Points as a Resource']"
262543,"['Race', 'Targeted Clues', 'Team-Based Game']"
371942,"['Action Drafting', 'Area Movement', 'Dice Rolling', 'End Game Bonuses', 'Income', 'Melding and Splaying', 'Multi-Use Cards', 'Open Drafting', 'Race', 'Resource Queue', 'Solo / Solitaire Game', 'Variable Set-up', 'Worker Placement', 'Worker Placement with Dice Workers']"
420321,"['Action Drafting', 'Dice Rolling', 'Multi-Use Cards', 'Open Drafting', 'Solo / Solitaire Game', 'Worker Placement with Dice Workers']"
298371,"['End Game Bonuses', 'Hand Management', 'Set Collection', 'Solo / Solitaire Game', 'Variable Set-up']"
329006,"['End Game Bonuses', 'Hand Management', 'Set Collection', 'Solo / Solitaire Game', 'Variable Player Powers']"
318352,[]
266192,"['Action Queue', 'Dice Rolling', 'End Game Bonuses', 'Hand Management', 'Once-Per-Game Abilities', 'Open Drafting', 'Set Collection', 'Solo / Solitaire Game', 'Turn Order: Progressive']"
366161,"['Dice Rolling', 'End Game Bonuses', 'Hand Management', 'Open Drafting', 'Push Your Luck', 'Set Collection', 'Solo / Solitaire Game']"
461932,"['Hand Management', 'Open Drafting', 'Solo / Solitaire Game']"
290448,"['Dice Rolling', 'End Game Bonuses', 'Hand Management', 'Open Drafting', 'Set Collection']"
300580,"['Cooperative Game', 'Dice Rolling', 'Hand Management', 'Open Drafting', 'Set Collection', 'Solo / Solitaire Game']"
421496,"['Dice Rolling', 'Paper-and-Pencil', 'Solo / Solitaire Game']"
165401,"['Action / Event', 'Network and Route Building', 'Open Drafting', 'Simulation', 'Tug of War']"
383499,"['Card Play Conflict Resolution', 'Deck, Bag, and Pool Building', 'Hand Management', 'Open Drafting', 'Scenario / Mission / Campaign Game', 'Solo / Solitaire Game']"
318560,"['End Game Bonuses', 'Grid Coverage', 'Hexagon Grid', 'Network and Route Building', 'Open Drafting', 'Point to Point Movement', 'Tile Placement']"
353890,"['End Game Bonuses', 'Network and Route Building', 'Open Drafting', 'Point to Point Movement', 'Tile Placement']"
227935,"['Area Majority / Influence', 'Deck, Bag, and Pool Building', 'Dice Rolling', 'Open Drafting', 'Push Your Luck', 'Rondel', 'Variable Player Powers']"
410201,"['End Game Bonuses', 'Hand Management', 'Once-Per-Game Abilities', 'Open Drafting', 'Solo / Solitaire Game', 'Track Movement', 'Turn Order: Progressive']"
244114,"['Action Points', 'Area Majority / Influence', 'Hand Management', 'Hexagon Grid', 'Hidden Victory Points', 'Highest-Lowest Scoring', 'Income', 'Open Drafting', 'Set Collection', 'Tile Placement']"
394127,"['Hand Management', 'Hot Potato']"
371981,['Set Collection']
13654,['Roll / Spin and Move']
322589,"['Area Majority / Influence', 'Hand Management', 'Open Drafting', 'Simultaneous Action Selection', 'Solo / Solitaire Game', 'Turn Order: Stat-Based']"
381819,"['Area Majority / Influence', 'Hand Management', 'Solo / Solitaire Game']"
363277,"['Deck, Bag, and Pool Building', 'Hand Management', 'Point to Point Movement', 'Scenario / Mission / Campaign Game', 'Solo / Solitaire Game', 'Stat Check Resolution']"
125395,['Dice Rolling']
368061,"['Bribery', 'Hidden Victory Points', 'Negotiation', 'Once-Per-Game Abilities', 'Point to Point Movement', 'Trading', 'Variable Player Powers', 'Victory Points as a Resource', 'Voting']"
27588,"['Open Drafting', 'Set Collection', 'Tile Placement']"
